"","index","identity","emotion_idx"
"1",1,NA,"22"
"2",2,NA,"7"
"3",3,NA,"9"
"4",4,NA,"5"
"5",5,NA,"16"
"6",6,NA,"22"
"7",7,NA,"14"
"8",8,NA,"3"
"9",9,NA,"15"
"10",10,NA,"17"
"11",11,NA,"12"
"12",12,NA,"14"
"13",13,NA,"8"
"14",14,NA,"9"
"15",15,NA,"13"
"16",16,NA,"9"
"17",17,NA,"9"
"18",18,NA,"9"
"19",19,NA,"17"
"20",20,NA,"22"
"21",21,NA,"1"
"22",22,NA,"5"
"23",23,NA,"4"
"24",24,NA,"6"
"25",25,NA,"21"
"26",26,NA,"8"
"27",27,NA,"11"
"28",28,NA,"5"
"29",29,NA,"9"
"30",30,NA,"9"
"31",31,NA,"10"
"32",32,NA,"15"
"33",33,NA,"3"
"34",34,NA,"9"
"35",35,NA,"14"
"36",36,NA,"5"
"37",37,NA,"14"
"38",38,NA,"19"
"39",39,NA,"4"
"40",40,NA,"21"
"41",41,NA,"2"
"42",42,NA,"18"
"43",43,NA,"6"
"44",44,NA,"1"
"45",45,NA,"22"
"46",46,NA,"21"
"47",47,NA,"10"
"48",48,NA,"6"
"49",49,NA,"21"
"50",50,NA,"14"
"51",51,NA,"22"
"52",52,NA,"11"
"53",53,NA,"11"
"54",54,NA,"21"
"55",55,NA,"18"
"56",56,NA,"1"
"57",57,NA,"1"
"58",58,NA,"7"
"59",59,NA,"17"
"60",60,NA,"2"
"61",61,NA,"20"
"62",62,NA,"8"
"63",63,NA,"7"
"64",64,NA,"14"
"65",65,NA,"18"
"66",66,NA,"2"
"67",67,NA,"7"
"68",68,NA,"21"
"69",69,NA,"4"
"70",70,NA,"13"
"71",71,NA,"17"
"72",72,NA,"14"
"73",73,NA,"20"
"74",74,NA,"9"
"75",75,NA,"17"
"76",76,NA,"11"
"77",77,NA,"2"
"78",78,NA,"8"
"79",79,NA,"8"
"80",80,NA,"3"
"81",81,NA,"17"
"82",82,NA,"10"
"83",83,NA,"4"
"84",84,NA,"1"
"85",85,NA,"17"
"86",86,NA,"21"
"87",87,NA,"4"
"88",88,NA,"16"
"89",89,NA,"15"
"90",90,NA,"5"
"91",91,NA,"12"
"92",92,NA,"16"
"93",93,NA,"14"
"94",94,NA,"8"
"95",95,NA,"3"
"96",96,NA,"15"
"97",97,NA,"13"
"98",98,NA,"17"
"99",99,NA,"10"
"100",100,NA,"10"
"101",101,NA,"16"
"102",102,NA,"1"
"103",103,NA,"8"
"104",104,NA,"7"
"105",105,NA,"13"
"106",106,NA,"14"
"107",107,NA,"10"
"108",108,NA,"12"
"109",109,NA,"6"
"110",110,NA,"12"
"111",111,NA,"22"
"112",112,NA,"20"
"113",113,NA,"8"
"114",114,NA,"1"
"115",115,NA,"12"
"116",116,NA,"13"
"117",117,NA,"20"
"118",118,NA,"14"
"119",119,NA,"7"
"120",120,NA,"18"
"121",121,NA,"12"
"122",122,NA,"10"
"123",123,NA,"11"
"124",124,NA,"13"
"125",125,NA,"2"
"126",126,NA,"19"
"127",127,NA,"20"
"128",128,NA,"4"
"129",129,NA,"8"
"130",130,NA,"21"
"131",131,NA,"14"
"132",132,NA,"17"
"133",133,NA,"7"
"134",134,NA,"16"
"135",135,NA,"11"
"136",136,NA,"11"
"137",137,NA,"10"
"138",138,NA,"1"
"139",139,NA,"9"
"140",140,NA,"10"
"141",141,NA,"12"
"142",142,NA,"2"
"143",143,NA,"20"
"144",144,NA,"21"
"145",145,NA,"10"
"146",146,NA,"13"
"147",147,NA,"21"
"148",148,NA,"15"
"149",149,NA,"10"
"150",150,NA,"22"
"151",151,NA,"14"
"152",152,NA,"15"
"153",153,NA,"13"
"154",154,NA,"14"
"155",155,NA,"18"
"156",156,NA,"11"
"157",157,NA,"14"
"158",158,NA,"12"
"159",159,NA,"7"
"160",160,NA,"8"
"161",161,NA,"1"
"162",162,NA,"13"
"163",163,NA,"17"
"164",164,NA,"14"
"165",165,NA,"19"
"166",166,NA,"21"
"167",167,NA,"9"
"168",168,NA,"4"
"169",169,NA,"14"
"170",170,NA,"1"
"171",171,NA,"3"
"172",172,NA,"9"
"173",173,NA,"18"
"174",174,NA,"5"
"175",175,NA,"2"
"176",176,NA,"6"
"177",177,NA,"1"
"178",178,NA,"6"
"179",179,NA,"2"
"180",180,NA,"9"
"181",181,NA,"17"
"182",182,NA,"10"
"183",183,NA,"6"
"184",184,NA,"6"
"185",185,NA,"10"
"186",186,NA,"6"
"187",187,NA,"14"
"188",188,NA,"6"
"189",189,NA,"2"
"190",190,NA,"1"
"191",191,NA,"12"
"192",192,NA,"1"
"193",193,NA,"16"
"194",194,NA,"3"
"195",195,NA,"20"
"196",196,NA,"2"
"197",197,NA,"9"
"198",198,NA,"3"
"199",199,NA,"7"
"200",200,NA,"16"
"201",201,NA,"6"
"202",202,NA,"17"
"203",203,NA,"15"
"204",204,NA,"12"
"205",205,NA,"2"
"206",206,NA,"15"
"207",207,NA,"2"
"208",208,NA,"6"
"209",209,NA,"11"
"210",210,NA,"10"
"211",211,NA,"7"
"212",212,NA,"3"
"213",213,NA,"10"
"214",214,NA,"6"
"215",215,NA,"9"
"216",216,NA,"18"
"217",217,NA,"20"
"218",218,NA,"22"
"219",219,NA,"14"
"220",220,NA,"8"
"221",221,NA,"15"
"222",222,NA,"18"
"223",223,NA,"3"
"224",224,NA,"3"
"225",225,NA,"13"
"226",226,NA,"19"
"227",227,NA,"5"
"228",228,NA,"14"
"229",229,NA,"11"
"230",230,NA,"12"
"231",231,NA,"18"
"232",232,NA,"3"
"233",233,NA,"6"
"234",234,NA,"7"
"235",235,NA,"1"
"236",236,NA,"12"
"237",237,NA,"18"
"238",238,NA,"22"
"239",239,NA,"14"
"240",240,NA,"16"
"241",241,NA,"14"
"242",242,NA,"15"
"243",243,NA,"15"
"244",244,NA,"7"
"245",245,NA,"3"
"246",246,NA,"2"
"247",247,NA,"18"
"248",248,NA,"14"
"249",249,NA,"8"
"250",250,NA,"18"
"251",251,NA,"15"
"252",252,NA,"16"
"253",253,NA,"19"
"254",254,NA,"12"
"255",255,NA,"20"
"256",256,NA,"14"
"257",257,NA,"1"
"258",258,NA,"2"
"259",259,NA,"20"
"260",260,NA,"21"
"261",261,NA,"8"
"262",262,NA,"2"
"263",263,NA,"3"
"264",264,NA,"15"
"265",265,NA,"8"
"266",266,NA,"6"
"267",267,NA,"21"
"268",268,NA,"7"
"269",269,NA,"18"
"270",270,NA,"9"
"271",271,NA,"1"
"272",272,NA,"3"
"273",273,NA,"1"
"274",274,NA,"15"
"275",275,NA,"5"
"276",276,NA,"5"
"277",277,NA,"3"
"278",278,NA,"7"
"279",279,NA,"7"
"280",280,NA,"9"
"281",281,NA,"14"
"282",282,NA,"17"
"283",283,NA,"14"
"284",284,NA,"2"
"285",285,NA,"14"
"286",286,NA,"1"
"287",287,NA,"15"
"288",288,NA,"10"
"289",289,NA,"21"
"290",290,NA,"6"
"291",291,NA,"6"
"292",292,NA,"5"
"293",293,NA,"13"
"294",294,NA,"2"
"295",295,NA,"7"
"296",296,NA,"8"
"297",297,NA,"8"
"298",298,NA,"20"
"299",299,NA,"8"
"300",300,NA,"15"
"301",301,NA,"11"
"302",302,NA,"6"
"303",303,NA,"17"
"304",304,NA,"5"
"305",305,NA,"16"
"306",306,NA,"15"
"307",307,NA,"7"
"308",308,NA,"12"
"309",309,NA,"1"
"310",310,NA,"6"
"311",311,NA,"22"
"312",312,NA,"6"
"313",313,NA,"16"
"314",314,NA,"21"
"315",315,NA,"9"
"316",316,NA,"18"
"317",317,NA,"13"
"318",318,NA,"4"
"319",319,NA,"6"
"320",320,NA,"14"
"321",321,NA,"6"
"322",322,NA,"1"
"323",323,NA,"18"
"324",324,NA,"22"
"325",325,NA,"6"
"326",326,NA,"9"
"327",327,NA,"17"
"328",328,NA,"1"
"329",329,NA,"13"
"330",330,NA,"20"
"331",331,NA,"10"
"332",332,NA,"20"
"333",333,NA,"14"
"334",334,NA,"21"
"335",335,NA,"9"
"336",336,NA,"16"
"337",337,NA,"15"
"338",338,NA,"20"
"339",339,NA,"7"
"340",340,NA,"9"
"341",341,NA,"16"
"342",342,NA,"17"
"343",343,NA,"10"
"344",344,NA,"12"
"345",345,NA,"11"
"346",346,NA,"13"
"347",347,NA,"22"
"348",348,NA,"2"
"349",349,NA,"17"
"350",350,NA,"4"
"351",351,NA,"10"
"352",352,NA,"18"
"353",353,NA,"20"
"354",354,NA,"12"
"355",355,NA,"20"
"356",356,NA,"16"
"357",357,NA,"6"
"358",358,NA,"19"
"359",359,NA,"20"
"360",360,NA,"9"
"361",361,NA,"5"
"362",362,NA,"15"
"363",363,NA,"20"
"364",364,NA,"3"
"365",365,NA,"15"
"366",366,NA,"2"
"367",367,NA,"17"
"368",368,NA,"14"
"369",369,NA,"21"
"370",370,NA,"2"
"371",371,NA,"5"
"372",372,NA,"7"
"373",373,NA,"6"
"374",374,NA,"19"
"375",375,NA,"20"
"376",376,NA,"7"
"377",377,NA,"16"
"378",378,NA,"14"
"379",379,NA,"14"
"380",380,NA,"22"
"381",381,NA,"11"
"382",382,NA,"3"
"383",383,NA,"19"
"384",384,NA,"1"
"385",385,NA,"12"
"386",386,NA,"4"
"387",387,NA,"22"
"388",388,NA,"20"
"389",389,NA,"5"
"390",390,NA,"6"
"391",391,NA,"12"
"392",392,NA,"15"
"393",393,NA,"5"
"394",394,NA,"2"
"395",395,NA,"20"
"396",396,NA,"20"
"397",397,NA,"6"
"398",398,NA,"1"
"399",399,NA,"16"
"400",400,NA,"8"
"401",401,NA,"10"
"402",402,NA,"2"
"403",403,NA,"2"
"404",404,NA,"7"
"405",405,NA,"9"
"406",406,NA,"21"
"407",407,NA,"17"
"408",408,NA,"19"
"409",409,NA,"8"
"410",410,NA,"17"
"411",411,NA,"16"
"412",412,NA,"16"
"413",413,NA,"1"
"414",414,NA,"1"
"415",415,NA,"16"
"416",416,NA,"3"
"417",417,NA,"13"
"418",418,NA,"14"
"419",419,NA,"10"
"420",420,NA,"12"
"421",421,NA,"7"
"422",422,NA,"5"
"423",423,NA,"2"
"424",424,NA,"20"
"425",425,NA,"1"
"426",426,NA,"12"
"427",427,NA,"16"
"428",428,NA,"14"
"429",429,NA,"16"
"430",430,NA,"11"
"431",431,NA,"10"
"432",432,NA,"3"
"433",433,NA,"9"
"434",434,NA,"15"
"435",435,NA,"15"
"436",436,NA,"14"
"437",437,NA,"20"
"438",438,NA,"20"
"439",439,NA,"7"
"440",440,NA,"7"
"441",441,NA,"3"
"442",442,NA,"14"
"443",443,NA,"15"
"444",444,NA,"1"
"445",445,NA,"18"
"446",446,NA,"13"
"447",447,NA,"8"
"448",448,NA,"3"
"449",449,NA,"5"
"450",450,NA,"16"
"451",451,NA,"22"
"452",452,NA,"20"
"453",453,NA,"11"
"454",454,NA,"1"
"455",455,NA,"16"
"456",456,NA,"22"
"457",457,NA,"10"
"458",458,NA,"10"
"459",459,NA,"2"
"460",460,NA,"3"
"461",461,NA,"6"
"462",462,NA,"4"
"463",463,NA,"17"
"464",464,NA,"11"
"465",465,NA,"5"
"466",466,NA,"12"
"467",467,NA,"1"
"468",468,NA,"7"
"469",469,NA,"12"
"470",470,NA,"19"
"471",471,NA,"16"
"472",472,NA,"3"
"473",473,NA,"18"
"474",474,NA,"3"
"475",475,NA,"17"
"476",476,NA,"7"
"477",477,NA,"10"
"478",478,NA,"1"
"479",479,NA,"12"
"480",480,NA,"14"
"481",481,NA,"12"
"482",482,NA,"4"
"483",483,NA,"19"
"484",484,NA,"10"
"485",485,NA,"21"
"486",486,NA,"9"
"487",487,NA,"14"
"488",488,NA,"18"
"489",489,NA,"14"
"490",490,NA,"8"
"491",491,NA,"17"
"492",492,NA,"2"
"493",493,NA,"6"
"494",494,NA,"17"
"495",495,NA,"12"
"496",496,NA,"5"
"497",497,NA,"7"
"498",498,NA,"21"
"499",499,NA,"21"
"500",500,NA,"10"
"501",501,NA,"9"
"502",502,NA,"5"
"503",503,NA,"4"
"504",504,NA,"12"
"505",505,NA,"21"
"506",506,NA,"10"
"507",507,NA,"14"
"508",508,NA,"13"
"509",509,NA,"22"
"510",510,NA,"15"
"511",511,NA,"4"
"512",512,NA,"15"
"513",513,NA,"14"
"514",514,NA,"10"
"515",515,NA,"13"
"516",516,NA,"2"
"517",517,NA,"22"
"518",518,NA,"19"
"519",519,NA,"22"
"520",520,NA,"12"
"521",521,NA,"10"
"522",522,NA,"22"
"523",523,NA,"4"
"524",524,NA,"12"
"525",525,NA,"13"
"526",526,NA,"6"
"527",527,NA,"22"
"528",528,NA,"2"
"529",529,NA,"8"
"530",530,NA,"3"
"531",531,NA,"22"
"532",532,NA,"20"
"533",533,NA,"1"
"534",534,NA,"17"
"535",535,NA,"12"
"536",536,NA,"4"
"537",537,NA,"8"
"538",538,NA,"17"
"539",539,NA,"11"
"540",540,NA,"15"
"541",541,NA,"16"
"542",542,NA,"10"
"543",543,NA,"12"
"544",544,NA,"8"
"545",545,NA,"14"
"546",546,NA,"4"
"547",547,NA,"18"
"548",548,NA,"3"
"549",549,NA,"16"
"550",550,NA,"21"
"551",551,NA,"1"
"552",552,NA,"22"
"553",553,NA,"17"
"554",554,NA,"6"
"555",555,NA,"17"
"556",556,NA,"8"
"557",557,NA,"18"
"558",558,NA,"13"
"559",559,NA,"15"
"560",560,NA,"1"
"561",561,NA,"4"
"562",562,NA,"14"
"563",563,NA,"12"
"564",564,NA,"21"
"565",565,NA,"2"
"566",566,NA,"13"
"567",567,NA,"22"
"568",568,NA,"12"
"569",569,NA,"4"
"570",570,NA,"14"
"571",571,NA,"15"
"572",572,NA,"20"
"573",573,NA,"3"
"574",574,NA,"15"
"575",575,NA,"10"
"576",576,NA,"12"
"577",577,NA,"11"
"578",578,NA,"21"
"579",579,NA,"13"
"580",580,NA,"14"
"581",581,NA,"16"
"582",582,NA,"18"
"583",583,NA,"5"
"584",584,NA,"4"
"585",585,NA,"10"
"586",586,NA,"12"
"587",587,NA,"2"
"588",588,NA,"16"
"589",589,NA,"6"
"590",590,NA,"11"
"591",591,NA,"22"
"592",592,NA,"16"
"593",593,NA,"14"
"594",594,NA,"3"
"595",595,NA,"1"
"596",596,NA,"4"
"597",597,NA,"17"
"598",598,NA,"4"
"599",599,NA,"14"
"600",600,NA,"3"
"601",601,NA,"20"
"602",602,NA,"21"
"603",603,NA,"1"
"604",604,NA,"21"
"605",605,NA,"10"
"606",606,NA,"4"
"607",607,NA,"12"
"608",608,NA,"16"
"609",609,NA,"14"
"610",610,NA,"14"
"611",611,NA,"18"
"612",612,NA,"3"
"613",613,NA,"20"
"614",614,NA,"7"
"615",615,NA,"3"
"616",616,NA,"3"
"617",617,NA,"17"
"618",618,NA,"21"
"619",619,NA,"14"
"620",620,NA,"9"
"621",621,NA,"6"
"622",622,NA,"2"
"623",623,NA,"2"
"624",624,NA,"11"
"625",625,NA,"21"
"626",626,NA,"8"
"627",627,NA,"9"
"628",628,NA,"17"
"629",629,NA,"19"
"630",630,NA,"13"
"631",631,NA,"3"
"632",632,NA,"16"
"633",633,NA,"8"
"634",634,NA,"17"
"635",635,NA,"16"
"636",636,NA,"7"
"637",637,NA,"1"
"638",638,NA,"18"
"639",639,NA,"10"
"640",640,NA,"14"
"641",641,NA,"6"
"642",642,NA,"17"
"643",643,NA,"9"
"644",644,NA,"1"
"645",645,NA,"18"
"646",646,NA,"9"
"647",647,NA,"8"
"648",648,NA,"4"
"649",649,NA,"10"
"650",650,NA,"11"
"651",651,NA,"16"
"652",652,NA,"2"
"653",653,NA,"10"
"654",654,NA,"17"
"655",655,NA,"7"
"656",656,NA,"7"
"657",657,NA,"21"
"658",658,NA,"13"
"659",659,NA,"3"
"660",660,NA,"18"
"661",661,NA,"21"
"662",662,NA,"14"
"663",663,NA,"4"
"664",664,NA,"15"
"665",665,NA,"14"
"666",666,NA,"17"
"667",667,NA,"9"
"668",668,NA,"7"
"669",669,NA,"20"
"670",670,NA,"12"
"671",671,NA,"21"
"672",672,NA,"17"
"673",673,NA,"22"
"674",674,NA,"15"
"675",675,NA,"4"
"676",676,NA,"18"
"677",677,NA,"15"
"678",678,NA,"16"
"679",679,NA,"20"
"680",680,NA,"21"
"681",681,NA,"4"
"682",682,NA,"9"
"683",683,NA,"14"
"684",684,NA,"15"
"685",685,NA,"15"
"686",686,NA,"13"
"687",687,NA,"16"
"688",688,NA,"21"
"689",689,NA,"1"
"690",690,NA,"12"
"691",691,NA,"14"
"692",692,NA,"4"
"693",693,NA,"10"
"694",694,NA,"5"
"695",695,NA,"9"
"696",696,NA,"14"
"697",697,NA,"10"
"698",698,NA,"10"
"699",699,NA,"17"
"700",700,NA,"1"
"701",701,NA,"10"
"702",702,NA,"1"
"703",703,NA,"20"
"704",704,NA,"8"
"705",705,NA,"16"
"706",706,NA,"10"
"707",707,NA,"3"
"708",708,NA,"1"
"709",709,NA,"16"
"710",710,NA,"16"
"711",711,NA,"6"
"712",712,NA,"21"
"713",713,NA,"17"
"714",714,NA,"17"
"715",715,NA,"11"
"716",716,NA,"9"
"717",717,NA,"13"
"718",718,NA,"10"
"719",719,NA,"18"
"720",720,NA,"5"
"721",721,NA,"14"
"722",722,NA,"21"
"723",723,NA,"22"
"724",724,NA,"6"
"725",725,NA,"11"
"726",726,NA,"6"
"727",727,NA,"9"
"728",728,NA,"22"
"729",729,NA,"11"
"730",730,NA,"18"
"731",731,NA,"17"
"732",732,NA,"17"
"733",733,NA,"21"
"734",734,NA,"10"
"735",735,NA,"17"
"736",736,NA,"7"
"737",737,NA,"5"
"738",738,NA,"3"
"739",739,NA,"4"
"740",740,NA,"13"
"741",741,NA,"13"
"742",742,NA,"15"
"743",743,NA,"3"
"744",744,NA,"14"
"745",745,NA,"19"
"746",746,NA,"7"
"747",747,NA,"5"
"748",748,NA,"2"
"749",749,NA,"4"
"750",750,NA,"18"
"751",751,NA,"13"
"752",752,NA,"7"
"753",753,NA,"16"
"754",754,NA,"4"
"755",755,NA,"7"
"756",756,NA,"14"
"757",757,NA,"18"
"758",758,NA,"1"
"759",759,NA,"11"
"760",760,NA,"1"
"761",761,NA,"8"
"762",762,NA,"11"
"763",763,NA,"22"
"764",764,NA,"4"
"765",765,NA,"10"
"766",766,NA,"9"
"767",767,NA,"2"
"768",768,NA,"22"
"769",769,NA,"1"
"770",770,NA,"19"
"771",771,NA,"7"
"772",772,NA,"14"
"773",773,NA,"18"
"774",774,NA,"7"
"775",775,NA,"14"
"776",776,NA,"21"
"777",777,NA,"13"
"778",778,NA,"7"
"779",779,NA,"13"
"780",780,NA,"9"
"781",781,NA,"4"
"782",782,NA,"8"
"783",783,NA,"2"
"784",784,NA,"12"
"785",785,NA,"4"
"786",786,NA,"1"
"787",787,NA,"8"
"788",788,NA,"15"
"789",789,NA,"14"
"790",790,NA,"12"
"791",791,NA,"9"
"792",792,NA,"5"
"793",793,NA,"4"
"794",794,NA,"8"
"795",795,NA,"15"
"796",796,NA,"3"
"797",797,NA,"10"
"798",798,NA,"19"
"799",799,NA,"8"
"800",800,NA,"14"
"801",801,NA,"14"
"802",802,NA,"16"
"803",803,NA,"11"
"804",804,NA,"11"
"805",805,NA,"1"
"806",806,NA,"9"
"807",807,NA,"6"
"808",808,NA,"7"
"809",809,NA,"17"
"810",810,NA,"16"
"811",811,NA,"14"
"812",812,NA,"18"
"813",813,NA,"14"
"814",814,NA,"6"
"815",815,NA,"7"
"816",816,NA,"13"
"817",817,NA,"20"
"818",818,NA,"11"
"819",819,NA,"9"
"820",820,NA,"16"
"821",821,NA,"9"
"822",822,NA,"8"
"823",823,NA,"22"
"824",824,NA,"16"
"825",825,NA,"9"
"826",826,NA,"4"
"827",827,NA,"12"
"828",828,NA,"21"
"829",829,NA,"1"
"830",830,NA,"20"
"831",831,NA,"8"
"832",832,NA,"4"
"833",833,NA,"16"
"834",834,NA,"14"
"835",835,NA,"18"
"836",836,NA,"5"
"837",837,NA,"19"
"838",838,NA,"20"
"839",839,NA,"16"
"840",840,NA,"12"
"841",841,NA,"6"
"842",842,NA,"14"
"843",843,NA,"17"
"844",844,NA,"3"
"845",845,NA,"6"
"846",846,NA,"4"
"847",847,NA,"6"
"848",848,NA,"4"
"849",849,NA,"12"
"850",850,NA,"3"
"851",851,NA,"8"
"852",852,NA,"5"
"853",853,NA,"11"
"854",854,NA,"7"
"855",855,NA,"19"
"856",856,NA,"9"
"857",857,NA,"6"
"858",858,NA,"1"
"859",859,NA,"14"
"860",860,NA,"7"
"861",861,NA,"17"
"862",862,NA,"1"
"863",863,NA,"5"
"864",864,NA,"10"
"865",865,NA,"22"
"866",866,NA,"12"
"867",867,NA,"3"
"868",868,NA,"9"
"869",869,NA,"2"
"870",870,NA,"20"
"871",871,NA,"22"
"872",872,NA,"4"
"873",873,NA,"16"
"874",874,NA,"13"
"875",875,NA,"6"
"876",876,NA,"7"
"877",877,NA,"18"
"878",878,NA,"15"
"879",879,NA,"10"
"880",880,NA,"11"
"881",881,NA,"15"
"882",882,NA,"6"
"883",883,NA,"15"
"884",884,NA,"13"
"885",885,NA,"17"
"886",886,NA,"17"
"887",887,NA,"4"
"888",888,NA,"1"
"889",889,NA,"5"
"890",890,NA,"20"
"891",891,NA,"1"
"892",892,NA,"4"
"893",893,NA,"8"
"894",894,NA,"6"
"895",895,NA,"7"
"896",896,NA,"20"
"897",897,NA,"2"
"898",898,NA,"12"
"899",899,NA,"17"
"900",900,NA,"1"
"901",901,NA,"10"
"902",902,NA,"13"
"903",903,NA,"13"
"904",904,NA,"17"
"905",905,NA,"1"
"906",906,NA,"20"
"907",907,NA,"16"
"908",908,NA,"22"
"909",909,NA,"12"
"910",910,NA,"22"
"911",911,NA,"14"
"912",912,NA,"13"
"913",913,NA,"22"
"914",914,NA,"11"
"915",915,NA,"21"
"916",916,NA,"22"
"917",917,NA,"17"
"918",918,NA,"7"
"919",919,NA,"13"
"920",920,NA,"3"
"921",921,NA,"13"
"922",922,NA,"1"
"923",923,NA,"9"
"924",924,NA,"9"
"925",925,NA,"18"
"926",926,NA,"20"
"927",927,NA,"14"
"928",928,NA,"3"
"929",929,NA,"11"
"930",930,NA,"20"
"931",931,NA,"5"
"932",932,NA,"6"
"933",933,NA,"21"
"934",934,NA,"21"
"935",935,NA,"6"
"936",936,NA,"13"
"937",937,NA,"10"
"938",938,NA,"8"
"939",939,NA,"8"
"940",940,NA,"22"
"941",941,NA,"7"
"942",942,NA,"8"
"943",943,NA,"1"
"944",944,NA,"6"
"945",945,NA,"7"
"946",946,NA,"17"
"947",947,NA,"16"
"948",948,NA,"12"
"949",949,NA,"6"
"950",950,NA,"6"
"951",951,NA,"20"
"952",952,NA,"14"
"953",953,NA,"19"
"954",954,NA,"22"
"955",955,NA,"16"
"956",956,NA,"2"
"957",957,NA,"6"
"958",958,NA,"17"
"959",959,NA,"18"
"960",960,NA,"6"
"961",961,NA,"21"
"962",962,NA,"21"
"963",963,NA,"5"
"964",964,NA,"16"
"965",965,NA,"2"
"966",966,NA,"17"
"967",967,NA,"21"
"968",968,NA,"6"
"969",969,NA,"21"
"970",970,NA,"4"
"971",971,NA,"17"
"972",972,NA,"1"
"973",973,NA,"15"
"974",974,NA,"21"
"975",975,NA,"2"
"976",976,NA,"7"
"977",977,NA,"12"
"978",978,NA,"3"
"979",979,NA,"17"
"980",980,NA,"4"
"981",981,NA,"3"
"982",982,NA,"15"
"983",983,NA,"10"
"984",984,NA,"15"
"985",985,NA,"13"
"986",986,NA,"4"
"987",987,NA,"1"
"988",988,NA,"6"
"989",989,NA,"6"
"990",990,NA,"21"
"991",991,NA,"12"
"992",992,NA,"16"
"993",993,NA,"5"
"994",994,NA,"13"
"995",995,NA,"15"
"996",996,NA,"3"
"997",997,NA,"7"
"998",998,NA,"4"
"999",999,NA,"17"
"1000",1000,NA,"16"
"1001",1001,NA,"12"
"1002",1002,NA,"19"
"1003",1003,NA,"5"
"1004",1004,NA,"19"
"1005",1005,NA,"3"
"1006",1006,NA,"9"
"1007",1007,NA,"7"
"1008",1008,NA,"21"
"1009",1009,NA,"18"
"1010",1010,NA,"21"
"1011",1011,NA,"11"
"1012",1012,NA,"16"
"1013",1013,NA,"10"
"1014",1014,NA,"14"
"1015",1015,NA,"7"
"1016",1016,NA,"20"
"1017",1017,NA,"4"
"1018",1018,NA,"2"
"1019",1019,NA,"5"
"1020",1020,NA,"3"
"1021",1021,NA,"7"
"1022",1022,NA,"20"
"1023",1023,NA,"2"
"1024",1024,NA,"9"
"1025",1025,NA,"9"
"1026",1026,NA,"15"
"1027",1027,NA,"12"
"1028",1028,NA,"4"
"1029",1029,NA,"19"
"1030",1030,NA,"19"
"1031",1031,NA,"5"
"1032",1032,NA,"10"
"1033",1033,NA,"19"
"1034",1034,NA,"18"
"1035",1035,NA,"4"
"1036",1036,NA,"14"
"1037",1037,NA,"17"
"1038",1038,NA,"16"
"1039",1039,NA,"2"
"1040",1040,NA,"7"
"1041",1041,NA,"9"
"1042",1042,NA,"6"
"1043",1043,NA,"8"
"1044",1044,NA,"21"
"1045",1045,NA,"22"
"1046",1046,NA,"11"
"1047",1047,NA,"12"
"1048",1048,NA,"19"
"1049",1049,NA,"11"
"1050",1050,NA,"10"
"1051",1051,NA,"14"
"1052",1052,NA,"16"
"1053",1053,NA,"21"
"1054",1054,NA,"1"
"1055",1055,NA,"9"
"1056",1056,NA,"10"
"1057",1057,NA,"18"
"1058",1058,NA,"8"
"1059",1059,NA,"21"
"1060",1060,NA,"14"
"1061",1061,NA,"15"
"1062",1062,NA,"13"
"1063",1063,NA,"2"
"1064",1064,NA,"8"
"1065",1065,NA,"15"
"1066",1066,NA,"3"
"1067",1067,NA,"14"
"1068",1068,NA,"14"
"1069",1069,NA,"6"
"1070",1070,NA,"17"
"1071",1071,NA,"21"
"1072",1072,NA,"4"
"1073",1073,NA,"11"
"1074",1074,NA,"4"
"1075",1075,NA,"9"
"1076",1076,NA,"4"
"1077",1077,NA,"2"
"1078",1078,NA,"14"
"1079",1079,NA,"1"
"1080",1080,NA,"1"
"1081",1081,NA,"2"
"1082",1082,NA,"8"
"1083",1083,NA,"14"
"1084",1084,NA,"1"
"1085",1085,NA,"9"
"1086",1086,NA,"12"
"1087",1087,NA,"14"
"1088",1088,NA,"7"
"1089",1089,NA,"2"
"1090",1090,NA,"6"
"1091",1091,NA,"21"
"1092",1092,NA,"15"
"1093",1093,NA,"9"
"1094",1094,NA,"16"
"1095",1095,NA,"2"
"1096",1096,NA,"19"
"1097",1097,NA,"20"
"1098",1098,NA,"21"
"1099",1099,NA,"8"
"1100",1100,NA,"20"
"1101",1101,NA,"13"
"1102",1102,NA,"1"
"1103",1103,NA,"2"
"1104",1104,NA,"18"
"1105",1105,NA,"4"
"1106",1106,NA,"19"
"1107",1107,NA,"1"
"1108",1108,NA,"5"
"1109",1109,NA,"11"
"1110",1110,NA,"12"
"1111",1111,NA,"2"
"1112",1112,NA,"20"
"1113",1113,NA,"3"
"1114",1114,NA,"5"
"1115",1115,NA,"20"
"1116",1116,NA,"2"
"1117",1117,NA,"16"
"1118",1118,NA,"3"
"1119",1119,NA,"16"
"1120",1120,NA,"1"
"1121",1121,NA,"16"
"1122",1122,NA,"13"
"1123",1123,NA,"17"
"1124",1124,NA,"18"
"1125",1125,NA,"10"
"1126",1126,NA,"2"
"1127",1127,NA,"4"
"1128",1128,NA,"2"
"1129",1129,NA,"3"
"1130",1130,NA,"9"
"1131",1131,NA,"15"
"1132",1132,NA,"10"
"1133",1133,NA,"18"
"1134",1134,NA,"14"
"1135",1135,NA,"5"
"1136",1136,NA,"12"
"1137",1137,NA,"3"
"1138",1138,NA,"14"
"1139",1139,NA,"21"
"1140",1140,NA,"2"
"1141",1141,NA,"6"
"1142",1142,NA,"14"
"1143",1143,NA,"3"
"1144",1144,NA,"4"
"1145",1145,NA,"8"
"1146",1146,NA,"12"
"1147",1147,NA,"22"
"1148",1148,NA,"17"
"1149",1149,NA,"12"
"1150",1150,NA,"15"
"1151",1151,NA,"4"
"1152",1152,NA,"10"
"1153",1153,NA,"11"
"1154",1154,NA,"9"
"1155",1155,NA,"16"
"1156",1156,NA,"2"
"1157",1157,NA,"4"
"1158",1158,NA,"14"
"1159",1159,NA,"18"
"1160",1160,NA,"3"
"1161",1161,NA,"2"
"1162",1162,NA,"8"
"1163",1163,NA,"18"
"1164",1164,NA,"22"
"1165",1165,NA,"1"
"1166",1166,NA,"22"
"1167",1167,NA,"18"
"1168",1168,NA,"8"
"1169",1169,NA,"22"
"1170",1170,NA,"1"
"1171",1171,NA,"3"
"1172",1172,NA,"1"
"1173",1173,NA,"11"
"1174",1174,NA,"3"
"1175",1175,NA,"18"
"1176",1176,NA,"16"
"1177",1177,NA,"4"
"1178",1178,NA,"8"
"1179",1179,NA,"2"
"1180",1180,NA,"9"
"1181",1181,NA,"11"
"1182",1182,NA,"12"
"1183",1183,NA,"21"
"1184",1184,NA,"14"
"1185",1185,NA,"12"
"1186",1186,NA,"15"
"1187",1187,NA,"10"
"1188",1188,NA,"3"
"1189",1189,NA,"8"
"1190",1190,NA,"12"
"1191",1191,NA,"6"
"1192",1192,NA,"17"
"1193",1193,NA,"16"
"1194",1194,NA,"14"
"1195",1195,NA,"7"
"1196",1196,NA,"3"
"1197",1197,NA,"15"
"1198",1198,NA,"17"
"1199",1199,NA,"16"
"1200",1200,NA,"4"
"1201",1201,NA,"18"
"1202",1202,NA,"5"
"1203",1203,NA,"3"
"1204",1204,NA,"16"
"1205",1205,NA,"3"
"1206",1206,NA,"3"
"1207",1207,NA,"13"
"1208",1208,NA,"9"
"1209",1209,NA,"8"
"1210",1210,NA,"17"
"1211",1211,NA,"10"
"1212",1212,NA,"12"
"1213",1213,NA,"3"
"1214",1214,NA,"7"
"1215",1215,NA,"13"
"1216",1216,NA,"13"
"1217",1217,NA,"3"
"1218",1218,NA,"13"
"1219",1219,NA,"11"
"1220",1220,NA,"21"
"1221",1221,NA,"19"
"1222",1222,NA,"17"
"1223",1223,NA,"12"
"1224",1224,NA,"10"
"1225",1225,NA,"13"
"1226",1226,NA,"22"
"1227",1227,NA,"15"
"1228",1228,NA,"8"
"1229",1229,NA,"18"
"1230",1230,NA,"6"
"1231",1231,NA,"13"
"1232",1232,NA,"21"
"1233",1233,NA,"3"
"1234",1234,NA,"8"
"1235",1235,NA,"6"
"1236",1236,NA,"6"
"1237",1237,NA,"2"
"1238",1238,NA,"7"
"1239",1239,NA,"11"
"1240",1240,NA,"5"
"1241",1241,NA,"15"
"1242",1242,NA,"7"
"1243",1243,NA,"3"
"1244",1244,NA,"2"
"1245",1245,NA,"14"
"1246",1246,NA,"18"
"1247",1247,NA,"10"
"1248",1248,NA,"18"
"1249",1249,NA,"14"
"1250",1250,NA,"5"
"1251",1251,NA,"15"
"1252",1252,NA,"22"
"1253",1253,NA,"21"
"1254",1254,NA,"6"
"1255",1255,NA,"13"
"1256",1256,NA,"5"
"1257",1257,NA,"21"
"1258",1258,NA,"16"
"1259",1259,NA,"9"
"1260",1260,NA,"6"
"1261",1261,NA,"9"
"1262",1262,NA,"13"
"1263",1263,NA,"10"
"1264",1264,NA,"9"
"1265",1265,NA,"20"
"1266",1266,NA,"2"
"1267",1267,NA,"10"
"1268",1268,NA,"7"
"1269",1269,NA,"4"
"1270",1270,NA,"16"
"1271",1271,NA,"11"
"1272",1272,NA,"20"
"1273",1273,NA,"21"
"1274",1274,NA,"5"
"1275",1275,NA,"14"
"1276",1276,NA,"9"
"1277",1277,NA,"14"
"1278",1278,NA,"9"
"1279",1279,NA,"14"
"1280",1280,NA,"7"
"1281",1281,NA,"5"
"1282",1282,NA,"17"
"1283",1283,NA,"22"
"1284",1284,NA,"18"
"1285",1285,NA,"5"
"1286",1286,NA,"1"
"1287",1287,NA,"10"
"1288",1288,NA,"8"
"1289",1289,NA,"4"
"1290",1290,NA,"21"
"1291",1291,NA,"10"
"1292",1292,NA,"14"
"1293",1293,NA,"2"
"1294",1294,NA,"13"
"1295",1295,NA,"2"
"1296",1296,NA,"4"
"1297",1297,NA,"13"
"1298",1298,NA,"9"
"1299",1299,NA,"3"
"1300",1300,NA,"4"
"1301",1301,NA,"12"
"1302",1302,NA,"20"
"1303",1303,NA,"22"
"1304",1304,NA,"1"
"1305",1305,NA,"11"
"1306",1306,NA,"19"
"1307",1307,NA,"16"
"1308",1308,NA,"12"
"1309",1309,NA,"1"
"1310",1310,NA,"19"
"1311",1311,NA,"17"
"1312",1312,NA,"16"
"1313",1313,NA,"1"
"1314",1314,NA,"19"
"1315",1315,NA,"5"
"1316",1316,NA,"13"
"1317",1317,NA,"14"
"1318",1318,NA,"7"
"1319",1319,NA,"19"
"1320",1320,NA,"6"
"1321",1321,NA,"3"
"1322",1322,NA,"7"
"1323",1323,NA,"14"
"1324",1324,NA,"18"
"1325",1325,NA,"22"
"1326",1326,NA,"6"
"1327",1327,NA,"8"
"1328",1328,NA,"18"
"1329",1329,NA,"2"
"1330",1330,NA,"4"
"1331",1331,NA,"12"
"1332",1332,NA,"15"
"1333",1333,NA,"15"
"1334",1334,NA,"6"
"1335",1335,NA,"13"
"1336",1336,NA,"14"
"1337",1337,NA,"17"
"1338",1338,NA,"22"
"1339",1339,NA,"2"
"1340",1340,NA,"5"
"1341",1341,NA,"18"
"1342",1342,NA,"13"
"1343",1343,NA,"20"
"1344",1344,NA,"18"
"1345",1345,NA,"12"
"1346",1346,NA,"1"
"1347",1347,NA,"7"
"1348",1348,NA,"1"
"1349",1349,NA,"14"
"1350",1350,NA,"6"
"1351",1351,NA,"5"
"1352",1352,NA,"20"
"1353",1353,NA,"1"
"1354",1354,NA,"13"
"1355",1355,NA,"20"
"1356",1356,NA,"4"
"1357",1357,NA,"12"
"1358",1358,NA,"14"
"1359",1359,NA,"9"
"1360",1360,NA,"15"
"1361",1361,NA,"8"
"1362",1362,NA,"4"
"1363",1363,NA,"13"
"1364",1364,NA,"19"
"1365",1365,NA,"3"
"1366",1366,NA,"15"
"1367",1367,NA,"14"
"1368",1368,NA,"12"
"1369",1369,NA,"8"
"1370",1370,NA,"1"
"1371",1371,NA,"4"
"1372",1372,NA,"17"
"1373",1373,NA,"17"
"1374",1374,NA,"21"
"1375",1375,NA,"12"
"1376",1376,NA,"14"
"1377",1377,NA,"18"
"1378",1378,NA,"2"
"1379",1379,NA,"15"
"1380",1380,NA,"10"
"1381",1381,NA,"10"
"1382",1382,NA,"21"
"1383",1383,NA,"7"
"1384",1384,NA,"12"
"1385",1385,NA,"15"
"1386",1386,NA,"5"
"1387",1387,NA,"10"
"1388",1388,NA,"8"
"1389",1389,NA,"4"
"1390",1390,NA,"5"
"1391",1391,NA,"8"
"1392",1392,NA,"10"
"1393",1393,NA,"13"
"1394",1394,NA,"13"
"1395",1395,NA,"12"
"1396",1396,NA,"15"
"1397",1397,NA,"10"
"1398",1398,NA,"17"
"1399",1399,NA,"10"
"1400",1400,NA,"6"
"1401",1401,NA,"12"
"1402",1402,NA,"17"
"1403",1403,NA,"4"
"1404",1404,NA,"3"
"1405",1405,NA,"1"
"1406",1406,NA,"12"
"1407",1407,NA,"21"
"1408",1408,NA,"4"
"1409",1409,NA,"8"
"1410",1410,NA,"13"
"1411",1411,NA,"3"
"1412",1412,NA,"14"
"1413",1413,NA,"17"
"1414",1414,NA,"15"
"1415",1415,NA,"21"
"1416",1416,NA,"6"
"1417",1417,NA,"14"
"1418",1418,NA,"20"
"1419",1419,NA,"20"
"1420",1420,NA,"21"
"1421",1421,NA,"21"
"1422",1422,NA,"1"
"1423",1423,NA,"11"
"1424",1424,NA,"5"
"1425",1425,NA,"2"
"1426",1426,NA,"18"
"1427",1427,NA,"3"
"1428",1428,NA,"15"
"1429",1429,NA,"16"
"1430",1430,NA,"13"
"1431",1431,NA,"15"
"1432",1432,NA,"7"
"1433",1433,NA,"17"
"1434",1434,NA,"14"
"1435",1435,NA,"3"
"1436",1436,NA,"22"
"1437",1437,NA,"18"
"1438",1438,NA,"11"
"1439",1439,NA,"22"
"1440",1440,NA,"13"
"1441",1441,NA,"18"
"1442",1442,NA,"6"
"1443",1443,NA,"20"
"1444",1444,NA,"15"
"1445",1445,NA,"2"
"1446",1446,NA,"15"
"1447",1447,NA,"18"
"1448",1448,NA,"6"
"1449",1449,NA,"22"
"1450",1450,NA,"14"
"1451",1451,NA,"15"
"1452",1452,NA,"17"
"1453",1453,NA,"10"
"1454",1454,NA,"6"
"1455",1455,NA,"19"
"1456",1456,NA,"15"
"1457",1457,NA,"13"
"1458",1458,NA,"8"
"1459",1459,NA,"10"
"1460",1460,NA,"12"
"1461",1461,NA,"10"
"1462",1462,NA,"6"
"1463",1463,NA,"14"
"1464",1464,NA,"3"
"1465",1465,NA,"15"
"1466",1466,NA,"13"
"1467",1467,NA,"4"
"1468",1468,NA,"4"
"1469",1469,NA,"21"
"1470",1470,NA,"19"
"1471",1471,NA,"1"
"1472",1472,NA,"21"
"1473",1473,NA,"20"
"1474",1474,NA,"8"
"1475",1475,NA,"12"
"1476",1476,NA,"1"
"1477",1477,NA,"3"
"1478",1478,NA,"19"
"1479",1479,NA,"1"
"1480",1480,NA,"9"
"1481",1481,NA,"13"
"1482",1482,NA,"4"
"1483",1483,NA,"1"
"1484",1484,NA,"2"
"1485",1485,NA,"3"
"1486",1486,NA,"18"
"1487",1487,NA,"17"
"1488",1488,NA,"16"
"1489",1489,NA,"13"
"1490",1490,NA,"21"
"1491",1491,NA,"16"
"1492",1492,NA,"14"
"1493",1493,NA,"14"
"1494",1494,NA,"14"
"1495",1495,NA,"11"
"1496",1496,NA,"15"
"1497",1497,NA,"10"
"1498",1498,NA,"2"
"1499",1499,NA,"3"
"1500",1500,NA,"1"
"1501",1501,NA,"20"
"1502",1502,NA,"1"
"1503",1503,NA,"9"
"1504",1504,NA,"11"
"1505",1505,NA,"13"
"1506",1506,NA,"1"
"1507",1507,NA,"22"
"1508",1508,NA,"1"
"1509",1509,NA,"15"
"1510",1510,NA,"14"
"1511",1511,NA,"20"
"1512",1512,NA,"1"
"1513",1513,NA,"20"
"1514",1514,NA,"19"
"1515",1515,NA,"5"
"1516",1516,NA,"22"
"1517",1517,NA,"2"
"1518",1518,NA,"1"
"1519",1519,NA,"12"
"1520",1520,NA,"3"
"1521",1521,NA,"4"
"1522",1522,NA,"18"
"1523",1523,NA,"19"
"1524",1524,NA,"3"
"1525",1525,NA,"16"
"1526",1526,NA,"3"
"1527",1527,NA,"21"
"1528",1528,NA,"1"
"1529",1529,NA,"14"
"1530",1530,NA,"3"
"1531",1531,NA,"9"
"1532",1532,NA,"22"
"1533",1533,NA,"4"
"1534",1534,NA,"15"
"1535",1535,NA,"4"
"1536",1536,NA,"20"
"1537",1537,NA,"4"
"1538",1538,NA,"18"
"1539",1539,NA,"20"
"1540",1540,NA,"8"
"1541",1541,NA,"14"
"1542",1542,NA,"14"
"1543",1543,NA,"18"
"1544",1544,NA,"9"
"1545",1545,NA,"21"
"1546",1546,NA,"8"
"1547",1547,NA,"17"
"1548",1548,NA,"1"
"1549",1549,NA,"11"
"1550",1550,NA,"9"
"1551",1551,NA,"6"
"1552",1552,NA,"1"
"1553",1553,NA,"8"
"1554",1554,NA,"16"
"1555",1555,NA,"22"
"1556",1556,NA,"17"
"1557",1557,NA,"14"
"1558",1558,NA,"10"
"1559",1559,NA,"14"
"1560",1560,NA,"19"
"1561",1561,NA,"17"
"1562",1562,NA,"17"
"1563",1563,NA,"17"
"1564",1564,NA,"9"
"1565",1565,NA,"2"
"1566",1566,NA,"7"
"1567",1567,NA,"11"
"1568",1568,NA,"7"
"1569",1569,NA,"22"
"1570",1570,NA,"21"
"1571",1571,NA,"7"
"1572",1572,NA,"10"
"1573",1573,NA,"21"
"1574",1574,NA,"9"
"1575",1575,NA,"5"
"1576",1576,NA,"11"
"1577",1577,NA,"9"
"1578",1578,NA,"6"
"1579",1579,NA,"7"
"1580",1580,NA,"18"
"1581",1581,NA,"14"
"1582",1582,NA,"2"
"1583",1583,NA,"21"
"1584",1584,NA,"3"
"1585",1585,NA,"21"
"1586",1586,NA,"12"
"1587",1587,NA,"16"
"1588",1588,NA,"21"
"1589",1589,NA,"2"
"1590",1590,NA,"2"
"1591",1591,NA,"14"
"1592",1592,NA,"8"
"1593",1593,NA,"7"
"1594",1594,NA,"20"
"1595",1595,NA,"21"
"1596",1596,NA,"12"
"1597",1597,NA,"5"
"1598",1598,NA,"15"
"1599",1599,NA,"15"
"1600",1600,NA,"21"
"1601",1601,NA,"6"
"1602",1602,NA,"16"
"1603",1603,NA,"16"
"1604",1604,NA,"13"
"1605",1605,NA,"12"
"1606",1606,NA,"18"
"1607",1607,NA,"4"
"1608",1608,NA,"14"
"1609",1609,NA,"1"
"1610",1610,NA,"20"
"1611",1611,NA,"18"
"1612",1612,NA,"5"
"1613",1613,NA,"10"
"1614",1614,NA,"14"
"1615",1615,NA,"8"
"1616",1616,NA,"9"
"1617",1617,NA,"1"
"1618",1618,NA,"20"
"1619",1619,NA,"22"
"1620",1620,NA,"15"
"1621",1621,NA,"9"
"1622",1622,NA,"3"
"1623",1623,NA,"2"
"1624",1624,NA,"19"
"1625",1625,NA,"15"
"1626",1626,NA,"18"
"1627",1627,NA,"2"
"1628",1628,NA,"15"
"1629",1629,NA,"8"
"1630",1630,NA,"6"
"1631",1631,NA,"2"
"1632",1632,NA,"17"
"1633",1633,NA,"22"
"1634",1634,NA,"16"
"1635",1635,NA,"20"
"1636",1636,NA,"7"
"1637",1637,NA,"21"
"1638",1638,NA,"14"
"1639",1639,NA,"21"
"1640",1640,NA,"14"
"1641",1641,NA,"16"
"1642",1642,NA,"10"
"1643",1643,NA,"8"
"1644",1644,NA,"8"
"1645",1645,NA,"15"
"1646",1646,NA,"1"
"1647",1647,NA,"20"
"1648",1648,NA,"14"
"1649",1649,NA,"2"
"1650",1650,NA,"1"
"1651",1651,NA,"19"
"1652",1652,NA,"4"
"1653",1653,NA,"2"
"1654",1654,NA,"20"
"1655",1655,NA,"1"
"1656",1656,NA,"3"
"1657",1657,NA,"14"
"1658",1658,NA,"6"
"1659",1659,NA,"12"
"1660",1660,NA,"14"
"1661",1661,NA,"19"
"1662",1662,NA,"7"
"1663",1663,NA,"16"
"1664",1664,NA,"21"
"1665",1665,NA,"11"
"1666",1666,NA,"3"
"1667",1667,NA,"22"
"1668",1668,NA,"18"
"1669",1669,NA,"1"
"1670",1670,NA,"18"
"1671",1671,NA,"17"
"1672",1672,NA,"6"
"1673",1673,NA,"3"
"1674",1674,NA,"3"
"1675",1675,NA,"3"
"1676",1676,NA,"11"
"1677",1677,NA,"10"
"1678",1678,NA,"7"
"1679",1679,NA,"21"
"1680",1680,NA,"4"
"1681",1681,NA,"1"
"1682",1682,NA,"7"
"1683",1683,NA,"3"
"1684",1684,NA,"13"
"1685",1685,NA,"4"
"1686",1686,NA,"11"
"1687",1687,NA,"9"
"1688",1688,NA,"6"
"1689",1689,NA,"2"
"1690",1690,NA,"9"
"1691",1691,NA,"13"
"1692",1692,NA,"11"
"1693",1693,NA,"21"
"1694",1694,NA,"18"
"1695",1695,NA,"13"
"1696",1696,NA,"8"
"1697",1697,NA,"17"
"1698",1698,NA,"5"
"1699",1699,NA,"15"
"1700",1700,NA,"20"
"1701",1701,NA,"15"
"1702",1702,NA,"11"
"1703",1703,NA,"3"
"1704",1704,NA,"5"
"1705",1705,NA,"6"
"1706",1706,NA,"5"
"1707",1707,NA,"2"
"1708",1708,NA,"17"
"1709",1709,NA,"2"
"1710",1710,NA,"7"
"1711",1711,NA,"10"
"1712",1712,NA,"21"
"1713",1713,NA,"22"
"1714",1714,NA,"15"
"1715",1715,NA,"20"
"1716",1716,NA,"2"
"1717",1717,NA,"3"
"1718",1718,NA,"7"
"1719",1719,NA,"16"
"1720",1720,NA,"4"
"1721",1721,NA,"11"
"1722",1722,NA,"20"
"1723",1723,NA,"2"
"1724",1724,NA,"4"
"1725",1725,NA,"5"
"1726",1726,NA,"17"
"1727",1727,NA,"16"
"1728",1728,NA,"12"
"1729",1729,NA,"8"
"1730",1730,NA,"4"
"1731",1731,NA,"11"
"1732",1732,NA,"18"
"1733",1733,NA,"15"
"1734",1734,NA,"4"
"1735",1735,NA,"1"
"1736",1736,NA,"18"
"1737",1737,NA,"2"
"1738",1738,NA,"12"
"1739",1739,NA,"14"
"1740",1740,NA,"5"
"1741",1741,NA,"22"
"1742",1742,NA,"4"
"1743",1743,NA,"8"
"1744",1744,NA,"7"
"1745",1745,NA,"8"
"1746",1746,NA,"20"
"1747",1747,NA,"8"
"1748",1748,NA,"3"
"1749",1749,NA,"17"
"1750",1750,NA,"18"
"1751",1751,NA,"1"
"1752",1752,NA,"17"
"1753",1753,NA,"14"
"1754",1754,NA,"15"
"1755",1755,NA,"21"
"1756",1756,NA,"17"
"1757",1757,NA,"17"
"1758",1758,NA,"10"
"1759",1759,NA,"8"
"1760",1760,NA,"4"
"1761",1761,NA,"6"
"1762",1762,NA,"15"
"1763",1763,NA,"22"
"1764",1764,NA,"6"
"1765",1765,NA,"12"
"1766",1766,NA,"5"
"1767",1767,NA,"17"
"1768",1768,NA,"16"
"1769",1769,NA,"9"
"1770",1770,NA,"15"
"1771",1771,NA,"11"
"1772",1772,NA,"1"
"1773",1773,NA,"10"
"1774",1774,NA,"4"
"1775",1775,NA,"22"
"1776",1776,NA,"10"
"1777",1777,NA,"18"
"1778",1778,NA,"8"
"1779",1779,NA,"18"
"1780",1780,NA,"16"
"1781",1781,NA,"8"
"1782",1782,NA,"17"
"1783",1783,NA,"21"
"1784",1784,NA,"9"
"1785",1785,NA,"13"
"1786",1786,NA,"5"
"1787",1787,NA,"1"
"1788",1788,NA,"4"
"1789",1789,NA,"8"
"1790",1790,NA,"2"
"1791",1791,NA,"18"
"1792",1792,NA,"7"
"1793",1793,NA,"1"
"1794",1794,NA,"16"
"1795",1795,NA,"21"
"1796",1796,NA,"20"
"1797",1797,NA,"10"
"1798",1798,NA,"6"
"1799",1799,NA,"7"
"1800",1800,NA,"11"
"1801",1801,NA,"2"
"1802",1802,NA,"2"
"1803",1803,NA,"7"
"1804",1804,NA,"21"
"1805",1805,NA,"1"
"1806",1806,NA,"15"
"1807",1807,NA,"13"
"1808",1808,NA,"2"
"1809",1809,NA,"10"
"1810",1810,NA,"20"
"1811",1811,NA,"13"
"1812",1812,NA,"21"
"1813",1813,NA,"22"
"1814",1814,NA,"10"
"1815",1815,NA,"2"
"1816",1816,NA,"21"
"1817",1817,NA,"1"
"1818",1818,NA,"9"
"1819",1819,NA,"9"
"1820",1820,NA,"4"
"1821",1821,NA,"5"
"1822",1822,NA,"1"
"1823",1823,NA,"14"
"1824",1824,NA,"2"
"1825",1825,NA,"6"
"1826",1826,NA,"2"
"1827",1827,NA,"11"
"1828",1828,NA,"12"
"1829",1829,NA,"4"
"1830",1830,NA,"22"
"1831",1831,NA,"14"
"1832",1832,NA,"10"
"1833",1833,NA,"22"
"1834",1834,NA,"12"
"1835",1835,NA,"4"
"1836",1836,NA,"18"
"1837",1837,NA,"22"
"1838",1838,NA,"2"
"1839",1839,NA,"18"
"1840",1840,NA,"1"
"1841",1841,NA,"13"
"1842",1842,NA,"6"
"1843",1843,NA,"16"
"1844",1844,NA,"17"
"1845",1845,NA,"20"
"1846",1846,NA,"15"
"1847",1847,NA,"14"
"1848",1848,NA,"11"
"1849",1849,NA,"21"
"1850",1850,NA,"20"
"1851",1851,NA,"10"
"1852",1852,NA,"2"
"1853",1853,NA,"12"
"1854",1854,NA,"7"
"1855",1855,NA,"6"
"1856",1856,NA,"5"
"1857",1857,NA,"1"
"1858",1858,NA,"5"
"1859",1859,NA,"19"
"1860",1860,NA,"2"
"1861",1861,NA,"2"
"1862",1862,NA,"19"
"1863",1863,NA,"7"
"1864",1864,NA,"9"
"1865",1865,NA,"16"
"1866",1866,NA,"18"
"1867",1867,NA,"3"
"1868",1868,NA,"14"
"1869",1869,NA,"12"
"1870",1870,NA,"11"
"1871",1871,NA,"15"
"1872",1872,NA,"3"
"1873",1873,NA,"8"
"1874",1874,NA,"13"
"1875",1875,NA,"6"
"1876",1876,NA,"1"
"1877",1877,NA,"11"
"1878",1878,NA,"21"
"1879",1879,NA,"1"
"1880",1880,NA,"8"
"1881",1881,NA,"14"
"1882",1882,NA,"6"
"1883",1883,NA,"19"
"1884",1884,NA,"18"
"1885",1885,NA,"13"
"1886",1886,NA,"18"
"1887",1887,NA,"2"
"1888",1888,NA,"4"
"1889",1889,NA,"10"
"1890",1890,NA,"11"
"1891",1891,NA,"6"
"1892",1892,NA,"10"
"1893",1893,NA,"13"
"1894",1894,NA,"14"
"1895",1895,NA,"4"
"1896",1896,NA,"17"
"1897",1897,NA,"14"
"1898",1898,NA,"1"
"1899",1899,NA,"22"
"1900",1900,NA,"5"
"1901",1901,NA,"2"
"1902",1902,NA,"17"
"1903",1903,NA,"3"
"1904",1904,NA,"3"
"1905",1905,NA,"1"
"1906",1906,NA,"1"
"1907",1907,NA,"20"
"1908",1908,NA,"19"
"1909",1909,NA,"3"
"1910",1910,NA,"3"
"1911",1911,NA,"8"
"1912",1912,NA,"11"
"1913",1913,NA,"2"
"1914",1914,NA,"2"
"1915",1915,NA,"2"
"1916",1916,NA,"10"
"1917",1917,NA,"20"
"1918",1918,NA,"1"
"1919",1919,NA,"17"
"1920",1920,NA,"4"
"1921",1921,NA,"6"
"1922",1922,NA,"21"
"1923",1923,NA,"10"
"1924",1924,NA,"7"
"1925",1925,NA,"21"
"1926",1926,NA,"17"
"1927",1927,NA,"10"
"1928",1928,NA,"11"
"1929",1929,NA,"18"
"1930",1930,NA,"10"
"1931",1931,NA,"14"
"1932",1932,NA,"21"
"1933",1933,NA,"20"
"1934",1934,NA,"17"
"1935",1935,NA,"3"
"1936",1936,NA,"1"
"1937",1937,NA,"18"
"1938",1938,NA,"2"
"1939",1939,NA,"12"
"1940",1940,NA,"2"
"1941",1941,NA,"3"
"1942",1942,NA,"12"
"1943",1943,NA,"14"
"1944",1944,NA,"22"
"1945",1945,NA,"12"
"1946",1946,NA,"9"
"1947",1947,NA,"16"
"1948",1948,NA,"10"
"1949",1949,NA,"8"
"1950",1950,NA,"2"
"1951",1951,NA,"9"
"1952",1952,NA,"4"
"1953",1953,NA,"17"
"1954",1954,NA,"3"
"1955",1955,NA,"5"
"1956",1956,NA,"5"
"1957",1957,NA,"10"
"1958",1958,NA,"20"
"1959",1959,NA,"8"
"1960",1960,NA,"1"
"1961",1961,NA,"3"
"1962",1962,NA,"1"
"1963",1963,NA,"21"
"1964",1964,NA,"6"
"1965",1965,NA,"1"
"1966",1966,NA,"1"
"1967",1967,NA,"17"
"1968",1968,NA,"1"
"1969",1969,NA,"19"
"1970",1970,NA,"15"
"1971",1971,NA,"21"
"1972",1972,NA,"18"
"1973",1973,NA,"22"
"1974",1974,NA,"11"
"1975",1975,NA,"21"
"1976",1976,NA,"8"
"1977",1977,NA,"12"
"1978",1978,NA,"2"
"1979",1979,NA,"5"
"1980",1980,NA,"17"
"1981",1981,NA,"18"
"1982",1982,NA,"19"
"1983",1983,NA,"5"
"1984",1984,NA,"1"
"1985",1985,NA,"17"
"1986",1986,NA,"8"
"1987",1987,NA,"5"
"1988",1988,NA,"8"
"1989",1989,NA,"14"
"1990",1990,NA,"17"
"1991",1991,NA,"22"
"1992",1992,NA,"13"
"1993",1993,NA,"10"
"1994",1994,NA,"16"
"1995",1995,NA,"18"
"1996",1996,NA,"15"
"1997",1997,NA,"15"
"1998",1998,NA,"10"
"1999",1999,NA,"11"
"2000",2000,NA,"4"
"2001",2001,NA,"16"
"2002",2002,NA,"5"
"2003",2003,NA,"21"
"2004",2004,NA,"12"
"2005",2005,NA,"13"
"2006",2006,NA,"5"
"2007",2007,NA,"20"
"2008",2008,NA,"4"
"2009",2009,NA,"4"
"2010",2010,NA,"10"
"2011",2011,NA,"2"
"2012",2012,NA,"20"
"2013",2013,NA,"1"
"2014",2014,NA,"2"
"2015",2015,NA,"15"
"2016",2016,NA,"6"
"2017",2017,NA,"9"
"2018",2018,NA,"16"
"2019",2019,NA,"4"
"2020",2020,NA,"9"
"2021",2021,NA,"20"
"2022",2022,NA,"9"
"2023",2023,NA,"1"
"2024",2024,NA,"2"
"2025",2025,NA,"2"
"2026",2026,NA,"2"
"2027",2027,NA,"5"
"2028",2028,NA,"10"
"2029",2029,NA,"8"
"2030",2030,NA,"10"
"2031",2031,NA,"3"
"2032",2032,NA,"7"
"2033",2033,NA,"3"
"2034",2034,NA,"9"
"2035",2035,NA,"13"
"2036",2036,NA,"8"
"2037",2037,NA,"19"
"2038",2038,NA,"6"
"2039",2039,NA,"8"
"2040",2040,NA,"7"
"2041",2041,NA,"4"
"2042",2042,NA,"18"
"2043",2043,NA,"21"
"2044",2044,NA,"13"
"2045",2045,NA,"10"
"2046",2046,NA,"1"
"2047",2047,NA,"9"
"2048",2048,NA,"4"
"2049",2049,NA,"4"
"2050",2050,NA,"5"
"2051",2051,NA,"5"
"2052",2052,NA,"13"
"2053",2053,NA,"5"
"2054",2054,NA,"13"
"2055",2055,NA,"9"
"2056",2056,NA,"21"
"2057",2057,NA,"12"
"2058",2058,NA,"17"
"2059",2059,NA,"8"
"2060",2060,NA,"17"
"2061",2061,NA,"17"
"2062",2062,NA,"8"
"2063",2063,NA,"18"
"2064",2064,NA,"20"
"2065",2065,NA,"2"
"2066",2066,NA,"21"
"2067",2067,NA,"13"
"2068",2068,NA,"1"
"2069",2069,NA,"21"
"2070",2070,NA,"22"
"2071",2071,NA,"18"
"2072",2072,NA,"19"
"2073",2073,NA,"15"
"2074",2074,NA,"2"
"2075",2075,NA,"2"
"2076",2076,NA,"9"
"2077",2077,NA,"8"
"2078",2078,NA,"11"
"2079",2079,NA,"7"
"2080",2080,NA,"14"
"2081",2081,NA,"19"
"2082",2082,NA,"22"
"2083",2083,NA,"22"
"2084",2084,NA,"3"
"2085",2085,NA,"1"
"2086",2086,NA,"19"
"2087",2087,NA,"22"
"2088",2088,NA,"7"
"2089",2089,NA,"12"
"2090",2090,NA,"13"
"2091",2091,NA,"20"
"2092",2092,NA,"13"
"2093",2093,NA,"4"
"2094",2094,NA,"10"
"2095",2095,NA,"20"
"2096",2096,NA,"22"
"2097",2097,NA,"15"
"2098",2098,NA,"5"
"2099",2099,NA,"4"
"2100",2100,NA,"11"
"2101",2101,NA,"18"
"2102",2102,NA,"11"
"2103",2103,NA,"3"
"2104",2104,NA,"21"
"2105",2105,NA,"1"
"2106",2106,NA,"11"
"2107",2107,NA,"6"
"2108",2108,NA,"2"
"2109",2109,NA,"10"
"2110",2110,NA,"16"
"2111",2111,NA,"16"
"2112",2112,NA,"20"
"2113",2113,NA,"2"
"2114",2114,NA,"3"
"2115",2115,NA,"18"
"2116",2116,NA,"17"
"2117",2117,NA,"8"
"2118",2118,NA,"7"
"2119",2119,NA,"6"
"2120",2120,NA,"19"
"2121",2121,NA,"3"
"2122",2122,NA,"3"
"2123",2123,NA,"18"
"2124",2124,NA,"20"
"2125",2125,NA,"22"
"2126",2126,NA,"12"
"2127",2127,NA,"9"
"2128",2128,NA,"8"
"2129",2129,NA,"5"
"2130",2130,NA,"6"
"2131",2131,NA,"6"
"2132",2132,NA,"22"
"2133",2133,NA,"17"
"2134",2134,NA,"12"
"2135",2135,NA,"11"
"2136",2136,NA,"1"
"2137",2137,NA,"4"
"2138",2138,NA,"3"
"2139",2139,NA,"18"
"2140",2140,NA,"18"
"2141",2141,NA,"21"
"2142",2142,NA,"3"
"2143",2143,NA,"12"
"2144",2144,NA,"10"
"2145",2145,NA,"14"
"2146",2146,NA,"17"
"2147",2147,NA,"2"
"2148",2148,NA,"9"
"2149",2149,NA,"21"
"2150",2150,NA,"15"
"2151",2151,NA,"12"
"2152",2152,NA,"13"
"2153",2153,NA,"11"
"2154",2154,NA,"8"
"2155",2155,NA,"14"
"2156",2156,NA,"10"
"2157",2157,NA,"17"
"2158",2158,NA,"10"
"2159",2159,NA,"4"
"2160",2160,NA,"15"
"2161",2161,NA,"9"
"2162",2162,NA,"8"
"2163",2163,NA,"8"
"2164",2164,NA,"15"
"2165",2165,NA,"11"
"2166",2166,NA,"10"
"2167",2167,NA,"5"
"2168",2168,NA,"7"
"2169",2169,NA,"19"
"2170",2170,NA,"4"
"2171",2171,NA,"3"
"2172",2172,NA,"7"
"2173",2173,NA,"3"
"2174",2174,NA,"4"
"2175",2175,NA,"5"
"2176",2176,NA,"17"
"2177",2177,NA,"1"
"2178",2178,NA,"4"
"2179",2179,NA,"20"
"2180",2180,NA,"6"
"2181",2181,NA,"14"
"2182",2182,NA,"5"
"2183",2183,NA,"5"
"2184",2184,NA,"1"
"2185",2185,NA,"7"
"2186",2186,NA,"16"
"2187",2187,NA,"5"
"2188",2188,NA,"14"
"2189",2189,NA,"11"
"2190",2190,NA,"15"
"2191",2191,NA,"4"
"2192",2192,NA,"6"
"2193",2193,NA,"8"
"2194",2194,NA,"14"
"2195",2195,NA,"13"
"2196",2196,NA,"7"
"2197",2197,NA,"8"
"2198",2198,NA,"6"
"2199",2199,NA,"11"
"2200",2200,NA,"14"
"2201",2201,NA,"3"
"2202",2202,NA,"18"
"2203",2203,NA,"14"
"2204",2204,NA,"19"
"2205",2205,NA,"13"
"2206",2206,NA,"14"
"2207",2207,NA,"9"
"2208",2208,NA,"14"
"2209",2209,NA,"21"
"2210",2210,NA,"16"
"2211",2211,NA,"14"
"2212",2212,NA,"3"
"2213",2213,NA,"3"
"2214",2214,NA,"10"
"2215",2215,NA,"4"
"2216",2216,NA,"10"
"2217",2217,NA,"14"
"2218",2218,NA,"4"
"2219",2219,NA,"22"
"2220",2220,NA,"1"
"2221",2221,NA,"21"
"2222",2222,NA,"9"
"2223",2223,NA,"21"
"2224",2224,NA,"13"
"2225",2225,NA,"8"
"2226",2226,NA,"3"
"2227",2227,NA,"10"
"2228",2228,NA,"14"
"2229",2229,NA,"21"
"2230",2230,NA,"17"
"2231",2231,NA,"6"
"2232",2232,NA,"5"
"2233",2233,NA,"20"
"2234",2234,NA,"3"
"2235",2235,NA,"10"
"2236",2236,NA,"6"
"2237",2237,NA,"16"
"2238",2238,NA,"14"
"2239",2239,NA,"10"
"2240",2240,NA,"11"
"2241",2241,NA,"10"
"2242",2242,NA,"10"
"2243",2243,NA,"12"
"2244",2244,NA,"2"
"2245",2245,NA,"4"
"2246",2246,NA,"21"
"2247",2247,NA,"5"
"2248",2248,NA,"16"
"2249",2249,NA,"14"
"2250",2250,NA,"3"
"2251",2251,NA,"12"
"2252",2252,NA,"6"
"2253",2253,NA,"18"
"2254",2254,NA,"7"
"2255",2255,NA,"18"
"2256",2256,NA,"20"
"2257",2257,NA,"14"
"2258",2258,NA,"1"
"2259",2259,NA,"8"
"2260",2260,NA,"7"
"2261",2261,NA,"6"
"2262",2262,NA,"9"
"2263",2263,NA,"2"
"2264",2264,NA,"6"
"2265",2265,NA,"12"
"2266",2266,NA,"4"
"2267",2267,NA,"14"
"2268",2268,NA,"8"
"2269",2269,NA,"10"
"2270",2270,NA,"5"
"2271",2271,NA,"16"
"2272",2272,NA,"17"
"2273",2273,NA,"8"
"2274",2274,NA,"7"
"2275",2275,NA,"15"
"2276",2276,NA,"10"
"2277",2277,NA,"7"
"2278",2278,NA,"9"
"2279",2279,NA,"20"
"2280",2280,NA,"7"
"2281",2281,NA,"2"
"2282",2282,NA,"17"
"2283",2283,NA,"18"
"2284",2284,NA,"4"
"2285",2285,NA,"9"
"2286",2286,NA,"9"
"2287",2287,NA,"17"
"2288",2288,NA,"1"
"2289",2289,NA,"2"
"2290",2290,NA,"11"
"2291",2291,NA,"11"
"2292",2292,NA,"17"
"2293",2293,NA,"17"
"2294",2294,NA,"22"
"2295",2295,NA,"9"
"2296",2296,NA,"16"
"2297",2297,NA,"7"
"2298",2298,NA,"10"
"2299",2299,NA,"19"
"2300",2300,NA,"10"
"2301",2301,NA,"7"
"2302",2302,NA,"14"
"2303",2303,NA,"21"
"2304",2304,NA,"9"
"2305",2305,NA,"13"
"2306",2306,NA,"16"
"2307",2307,NA,"11"
"2308",2308,NA,"22"
"2309",2309,NA,"19"
"2310",2310,NA,"2"
"2311",2311,NA,"22"
"2312",2312,NA,"14"
"2313",2313,NA,"10"
"2314",2314,NA,"18"
"2315",2315,NA,"7"
"2316",2316,NA,"11"
"2317",2317,NA,"9"
"2318",2318,NA,"11"
"2319",2319,NA,"10"
"2320",2320,NA,"16"
"2321",2321,NA,"4"
"2322",2322,NA,"18"
"2323",2323,NA,"11"
"2324",2324,NA,"2"
"2325",2325,NA,"18"
"2326",2326,NA,"13"
"2327",2327,NA,"18"
"2328",2328,NA,"21"
"2329",2329,NA,"5"
"2330",2330,NA,"17"
"2331",2331,NA,"4"
"2332",2332,NA,"3"
"2333",2333,NA,"6"
"2334",2334,NA,"1"
"2335",2335,NA,"22"
"2336",2336,NA,"16"
"2337",2337,NA,"3"
"2338",2338,NA,"4"
"2339",2339,NA,"3"
"2340",2340,NA,"10"
"2341",2341,NA,"17"
"2342",2342,NA,"5"
"2343",2343,NA,"1"
"2344",2344,NA,"9"
"2345",2345,NA,"19"
"2346",2346,NA,"13"
"2347",2347,NA,"15"
"2348",2348,NA,"6"
"2349",2349,NA,"3"
"2350",2350,NA,"21"
"2351",2351,NA,"2"
"2352",2352,NA,"14"
"2353",2353,NA,"12"
"2354",2354,NA,"14"
"2355",2355,NA,"6"
"2356",2356,NA,"13"
"2357",2357,NA,"7"
"2358",2358,NA,"14"
"2359",2359,NA,"17"
"2360",2360,NA,"13"
"2361",2361,NA,"19"
"2362",2362,NA,"6"
"2363",2363,NA,"7"
"2364",2364,NA,"2"
"2365",2365,NA,"10"
"2366",2366,NA,"11"
"2367",2367,NA,"12"
"2368",2368,NA,"3"
"2369",2369,NA,"11"
"2370",2370,NA,"21"
"2371",2371,NA,"9"
"2372",2372,NA,"1"
"2373",2373,NA,"22"
"2374",2374,NA,"19"
"2375",2375,NA,"3"
"2376",2376,NA,"10"
"2377",2377,NA,"11"
"2378",2378,NA,"17"
"2379",2379,NA,"7"
"2380",2380,NA,"13"
"2381",2381,NA,"14"
"2382",2382,NA,"8"
"2383",2383,NA,"18"
"2384",2384,NA,"16"
"2385",2385,NA,"4"
"2386",2386,NA,"2"
"2387",2387,NA,"1"
"2388",2388,NA,"10"
"2389",2389,NA,"5"
"2390",2390,NA,"12"
"2391",2391,NA,"19"
"2392",2392,NA,"21"
"2393",2393,NA,"2"
"2394",2394,NA,"21"
"2395",2395,NA,"22"
"2396",2396,NA,"1"
"2397",2397,NA,"13"
"2398",2398,NA,"17"
"2399",2399,NA,"15"
"2400",2400,NA,"11"
"2401",2401,NA,"13"
"2402",2402,NA,"2"
"2403",2403,NA,"10"
"2404",2404,NA,"1"
"2405",2405,NA,"21"
"2406",2406,NA,"15"
"2407",2407,NA,"4"
"2408",2408,NA,"8"
"2409",2409,NA,"21"
"2410",2410,NA,"7"
"2411",2411,NA,"4"
"2412",2412,NA,"19"
"2413",2413,NA,"20"
"2414",2414,NA,"14"
"2415",2415,NA,"6"
"2416",2416,NA,"14"
"2417",2417,NA,"12"
"2418",2418,NA,"17"
"2419",2419,NA,"12"
"2420",2420,NA,"8"
"2421",2421,NA,"7"
"2422",2422,NA,"14"
"2423",2423,NA,"17"
"2424",2424,NA,"6"
"2425",2425,NA,"5"
"2426",2426,NA,"5"
"2427",2427,NA,"6"
"2428",2428,NA,"8"
"2429",2429,NA,"10"
"2430",2430,NA,"7"
"2431",2431,NA,"10"
"2432",2432,NA,"17"
"2433",2433,NA,"14"
"2434",2434,NA,"2"
"2435",2435,NA,"1"
"2436",2436,NA,"11"
"2437",2437,NA,"19"
"2438",2438,NA,"13"
"2439",2439,NA,"2"
"2440",2440,NA,"10"
"2441",2441,NA,"18"
"2442",2442,NA,"4"
"2443",2443,NA,"1"
"2444",2444,NA,"8"
"2445",2445,NA,"3"
"2446",2446,NA,"22"
"2447",2447,NA,"17"
"2448",2448,NA,"10"
"2449",2449,NA,"18"
"2450",2450,NA,"7"
"2451",2451,NA,"6"
"2452",2452,NA,"5"
"2453",2453,NA,"5"
"2454",2454,NA,"1"
"2455",2455,NA,"10"
"2456",2456,NA,"14"
"2457",2457,NA,"8"
"2458",2458,NA,"16"
"2459",2459,NA,"9"
"2460",2460,NA,"9"
"2461",2461,NA,"16"
"2462",2462,NA,"11"
"2463",2463,NA,"19"
"2464",2464,NA,"2"
"2465",2465,NA,"9"
"2466",2466,NA,"16"
"2467",2467,NA,"13"
"2468",2468,NA,"2"
"2469",2469,NA,"4"
"2470",2470,NA,"3"
"2471",2471,NA,"21"
"2472",2472,NA,"4"
"2473",2473,NA,"3"
"2474",2474,NA,"2"
"2475",2475,NA,"14"
"2476",2476,NA,"18"
"2477",2477,NA,"7"
"2478",2478,NA,"13"
"2479",2479,NA,"7"
"2480",2480,NA,"8"
"2481",2481,NA,"21"
"2482",2482,NA,"8"
"2483",2483,NA,"10"
"2484",2484,NA,"9"
"2485",2485,NA,"22"
"2486",2486,NA,"21"
"2487",2487,NA,"17"
"2488",2488,NA,"15"
"2489",2489,NA,"17"
"2490",2490,NA,"2"
"2491",2491,NA,"8"
"2492",2492,NA,"21"
"2493",2493,NA,"5"
"2494",2494,NA,"14"
"2495",2495,NA,"10"
"2496",2496,NA,"12"
"2497",2497,NA,"5"
"2498",2498,NA,"4"
"2499",2499,NA,"21"
"2500",2500,NA,"19"
